[
    {
      "id": 1,
      "title": "Fjallraven - Foldsack No. 1 Backpack, Fits 15 Laptops",
      "price": 109.95,
      "description": "Your perfect pack for everyday use and walks in the forest...",
      "category": "men's clothing",
      "image": "https://fakestoreapi.com/img/81fPKd-2AYL._AC_SL1500_.jpg",
      "rating": {
        "rate": 3.9,
        "count": 120
      },
      "available": true
    },
    {
      "id": 2,
      "title": "Mens Casual Premium Slim Fit T-Shirts",
      "price": 22.3,
      "description": "Slim-fitting style, contrast raglan long sleeve...",
      "category": "men's clothing",
      "image": "https://fakestoreapi.com/img/71-3HjGNDUL._AC_SY879._SX._UX._SY._UY_.jpg",
      "rating": {
        "rate": 4.1,
        "count": 259
      },
      "available": true
    },
    {
      "id": 3,
      "title": "Mens Cotton Jacket",
      "price": 55.99,
      "description": "Great outerwear jackets for Spring/Autumn/Winter...",
      "category": "men's clothing",
      "image": "https://fakestoreapi.com/img/71li-ujtlUL._AC_UX679_.jpg",
      "rating": {
        "rate": 4.7,
        "count": 500
      },
      "available": true
    },
    {
      "id": 4,
      "title": "Mens Casual Slim Fit",
      "price": 15.99,
      "description": "The color could be slightly different between screen and actual product...",
      "category": "men's clothing",
      "image": "https://fakestoreapi.com/img/71YXzeOuslL._AC_UY879_.jpg",
      "rating": {
        "rate": 2.1,
        "count": 430
      },
      "available": false
    },
    {
      "id": 5,
      "title": "John Hardy Women's Legends Naga Gold & Silver Dragon Station Chain Bracelet",
      "price": 695,
      "description": "From our Legends Collection, the Naga was inspired by...",
      "category": "jewelery",
      "image": "https://fakestoreapi.com/img/71pWzhdJNwL._AC_UL640_QL65_ML3_.jpg",
      "rating": {
        "rate": 4.6,
        "count": 400
      },
      "available": true
    },
    {
      "id": 6,
      "title": "Solid Gold Petite Micropave",
      "price": 168,
      "description": "Satisfaction Guaranteed. Return or exchange any order...",
      "category": "jewelery",
      "image": "https://fakestoreapi.com/img/61sbMiUnoGL._AC_UL640_QL65_ML3_.jpg",
      "rating": {
        "rate": 3.9,
        "count": 70
      },
      "available": true
    },
    {
      "id": 7,
      "title": "White Gold Plated Princess",
      "price": 9.99,
      "description": "Classic Created Wedding Engagement Solitaire Diamond Promise Ring...",
      "category": "jewelery",
      "image": "https://fakestoreapi.com/img/71YAIFU48IL._AC_UL640_QL65_ML3_.jpg",
      "rating": {
        "rate": 3,
        "count": 400
      },
      "available": false
    },
    {
      "id": 8,
      "title": "Pierced Owl Rose Gold Plated Stainless Steel Double",
      "price": 10.99,
      "description": "Rose Gold Plated Double Flared Tunnel Plug Earrings...",
      "category": "jewelery",
      "image": "https://fakestoreapi.com/img/51UDEzMJVpL._AC_UL640_QL65_ML3_.jpg",
      "rating": {
        "rate": 1.9,
        "count": 100
      },
      "available": true
    },
    {
      "id": 9,
      "title": "WD 2TB Elements Portable External Hard Drive - USB 3.0",
      "price": 64,
      "description": "USB 3.0 and USB 2.0 Compatibility Fast data transfers...",
      "category": "electronics",
      "image": "https://fakestoreapi.com/img/61IBBVJvSDL._AC_SY879_.jpg",
      "rating": {
        "rate": 3.3,
        "count": 203
      },
      "available": false
    },
    {
      "id": 10,
      "title": "SanDisk SSD PLUS 1TB Internal SSD - SATA III 6 Gb/s",
      "price": 109,
      "description": "Easy upgrade for faster boot up, shutdown...",
      "category": "electronics",
      "image": "https://fakestoreapi.com/img/61U7T1koQqL._AC_SX679_.jpg",
      "rating": {
        "rate": 2.9,
        "count": 470
      },
      "available": true
    },
    {
      "id": 16,
      "title": "Lock and Love Women's Removable Hooded Faux Leather Moto Biker Jacket",
      "price": 29.95,
      "description": "Removable Hooded Faux Leather Moto Biker Jacket for women.",
      "category": "women's clothing",
      "image": "https://fakestoreapi.com/img/71HblAHs5xL._AC_UY879_-2.jpg",
      "rating": {
        "rate": 2.9,
        "count": 340
      },
      "available": true
    },
    {
      "id": 17,
      "title": "Rain Jacket Women Windbreaker Striped Climbing Raincoats",
      "price": 39.99,
      "description": "Lightweight, perfect for casual wear or outdoor adventures.",
      "category": "women's clothing",
      "image": "https://fakestoreapi.com/img/71l5IkQImPL._AC_UX679_.jpg",
      "rating": {
        "rate": 3.8,
        "count": 679
      },
      "available": false
    },
    {
      "id": 18,
      "title": "MBJ Women's Solid Short Sleeve Boat Neck V",
      "price": 9.85,
      "description": "Casual and stylish boat neck short sleeve top for women.",
      "category": "women's clothing",
      "image": "https://fakestoreapi.com/img/71z3kpMAYsL._AC_UY879_.jpg",
      "rating": {
        "rate": 4.7,
        "count": 130
      },
      "available": true
    },
    {
      "id": 19,
      "title": "Opna Women's Short Sleeve Moisture",
      "price": 7.95,
      "description": "Stay cool and dry with this moisture-wicking short sleeve shirt.",
      "category": "women's clothing",
      "image": "https://fakestoreapi.com/img/51eg55uWmdL._AC_UX679_.jpg",
      "rating": {
        "rate": 4.5,
        "count": 146
      },
      "available": true
    },
    {
      "id": 20,
      "title": "DANVOUY Women T Shirt Casual Cotton Short",
      "price": 12.99,
      "description": "Comfortable and stylish casual t-shirt for women.",
      "category": "women's clothing",
      "image": "https://fakestoreapi.com/img/61pHAEJ4NML._AC_UX679_.jpg",
      "rating": {
        "rate": 3.6,
        "count": 145
      },
      "available": false
    }
  ]
  